﻿<?xml version="1.0" encoding="utf-8" ?>
<ApplicationSettings>
  <XmdsResetTimeout>900</XmdsResetTimeout>
  <SizeX>0</SizeX>
  <SizeY>0</SizeY>
  <OffsetX>0</OffsetX>
  <OffsetY>0</OffsetY>
  <EmptyLayoutDuration>10</EmptyLayoutDuration>
  <EnableExpiredFileDeletion>true</EnableExpiredFileDeletion>
  <LibraryAgentInterval>2</LibraryAgentInterval>
  <ScheduleFile>schedule.xml</ScheduleFile>
  <LogLocation>log.xml</LogLocation>
  <StatsLogFile>stats.xml</StatsLogFile>
  <CacheManagerFile>cacheManager.xml</CacheManagerFile>
  <RequiredFilesFile>requiredFiles.xml</RequiredFilesFile>
  <VideoRenderingEngine>WindowsMediaPlayer</VideoRenderingEngine>
  <LibraryPath>DEFAULT</LibraryPath>
  <ServerKey>yourserverkey</ServerKey>
  <DisplayName>COMPUTERNAME</DisplayName>
  <ServerUri></ServerUri>
  <ProxyUser></ProxyUser>
  <ProxyPassword></ProxyPassword>
  <ProxyDomain></ProxyDomain>
  <ProxyPort></ProxyPort>
  <BlackListLocation>blacklist.xml</BlackListLocation>
  <HardwareKey></HardwareKey>
  <LogLevel>error</LogLevel>
  <SplashOverride></SplashOverride>
  <ShellCommandAllowList></ShellCommandAllowList>
  <LogToDiskLocation></LogToDiskLocation>
  <CursorStartPosition>Bottom Right</CursorStartPosition>
  <ClientInformationKeyCode> Alt+I</ClientInformationKeyCode>
  <Licensed>0</Licensed>
  <StatsFlushCount>10</StatsFlushCount>
  <CollectInterval>900</CollectInterval>
  <MaxConcurrentDownloads>5</MaxConcurrentDownloads>
  <MaxLogFileUploads>5</MaxLogFileUploads>
  <PowerpointEnabled>false</PowerpointEnabled>
  <StatsEnabled>true</StatsEnabled>
  <ExpireModifiedLayouts>true</ExpireModifiedLayouts>
  <EnableMouse>false</EnableMouse>
  <DoubleBuffering>true</DoubleBuffering>
  <EnableShellCommands>false</EnableShellCommands>
  <ShowInTaskbar>true</ShowInTaskbar>
  <ClientInfomationCtrlKey>false</ClientInfomationCtrlKey>
  <XmdsLastConnection>0001-01-01T00:00:00</XmdsLastConnection>
  <UseCefWebBrowser>false</UseCefWebBrowser>
  <SendCurrentLayoutAsStatusUpdate>false</SendCurrentLayoutAsStatusUpdate>
  <ScreenShotRequestInterval>0</ScreenShotRequestInterval>
  <DownloadStartWindow></DownloadStartWindow>
  <DownloadEndWindow></DownloadEndWindow>
  <PreventSleep>1</PreventSleep>
  <XmrNetworkAddress></XmrNetworkAddress>
  <EmbeddedServerPort>9696</EmbeddedServerPort>
  <ScreenShotSize>0</ScreenShotSize>
</ApplicationSettings>